{
  "x_min": 0.0159649494170632,
  "x_max": 50.0,
  "y_min": -6.952750413110979,
  "y_max": 60.62547883588715
}