Model,Train MSE,Test MSE,Train R²,Test R²
OLS,21.708927194808293,20.965175892488837,0.9093783422862872,0.9138438589122941
ANN,22.492773980409563,21.961067899493063,0.9061062554407548,0.9097512525490766
