Model,Train MSE,Test MSE,Train R²,Test R²
OLS,9.80686068746407,15.599989969571697,0.8243776260758354,0.7979878104587931
ANN,23.323669037951966,20.135868596828203,0.5823170884539326,0.7392504154494034
